Time (s),Measurement #1 (ft),Measurement #2 (rad),
0,0.20809944955640314,0.7464316080309693,
1,0.7641990909521021,0.3926798914537363,
2,0.934296924703463,0.5120977860042146,
3,0.3236299459956291,0.831414225065688,
4,0.04007549355468454,0.19663324902524149,
5,0.35617479812754826,0.4672263005955143,
6,0.7189369692905597,0.7889562047940205,
7,0.36607865979850884,0.34710423361506404,
8,0.7886141130878284,0.4610635756392526,
9,0.8274081241004533,0.9631478618471669,
