Time (s),Spin Angle (rad),Angular Velocity (rad/s),
0,0.45929339517265677,0.18481865361914984,
1,0.10680297937529049,0.3491544630897534,
2,0.18528380651011622,0.6241495153571764,
3,0.9258067683111594,0.6137991040648816,
4,0.26778032948061004,0.6522964512071745,
5,0.08475158411605133,0.5545626549298611,
6,0.7603954900972388,0.5250177778263168,
7,0.8277334431220251,0.4416938129787553,
8,0.8676719349520738,0.4396236872217695,
9,0.545835378573643,0.5204028806611932,
