Time (s),Spin Angle (rad),Angular Velocity (rad/s)
0,9999.7262432699679598,0.8173253595909687
1,0.9060270660119257,0.44217787331071584
2,0.6326590728166788,0.4695118784296847
3,0.6771811492169189,0.3145917930242567
4,0.6999419837724147,0.5262841426424143
5,0.18712457417842213,0.4533271852197718
6,0.030394293,0.38100450689951165
7,0.1189577291342233,0.2734514834701323
8,0.1468250402933103,0.22131473953896888
9,0.19491343674944409,0.8781914868756158
