Time (s),Spin Angle (rad),Angular Velocity (rad/s),
0,0.2524452787340091,0.6171501755134898,
1,0.2348208661041009,0.7679009033337647,
2,0.9224064829235583,0.4127851326847799,
3,0.21207892462226707,0.3752521315400855,
4,0.7918316565793605,0.8776462833925945,
5,0.9034358818029673,0.10064236477380328,
6,0.7479817425203211,0.036588430825968854,
7,0.741319584327016,0.2284196408791651,
8,0.014236511409472019,0.9163799513219287,
9,0.4402991841405679,0.030791757847271173,
