Time (s),Spin Angle (rad),Angular Velocity (rad/s),
0,9999.726243269968,0.8173253595909687,
1,0.27370445768987034,0.29190628476995334,
2,0.6771811492169189,0.3145917930242567,
3,0.6876202824933548,0.5468154342597422,
4,0.03039429291635486,0.38100450689951165,
5,0.7947655938541357,0.3371603392703274,
6,0.19491343674944409,0.8781914868756158,
7,0.8964398032503388,0.08657988351144823,
8,0.6522052365598293,0.7197259835525072,
9,0.47680987113938195,0.5407952422000446,
10,0.9375404040038308,
