Time (s),Measurement #1 (ft),Measurement #2 (rad),
0,0.7680226893946634,0.5581611914365372,
1,0.9775497531413798,0.27370445768987034,
2,0.9821512531406019,0.030366990729406004,
3,0.8169079086822029,0.8480517830923441,
4,0.934018658909024,0.6876202824933548,
5,0.2971718657282981,0.9885437791182398,
6,0.3431418446559188,0.9574551656644117,
7,0.9070979500688138,0.7947655938541357,
8,0.41007327959410533,0.7187268327543171,
9,0.8254231842353117,0.7353974910152133,
