Time (s),Measurement #1 (ft),Measurement #2 (rad),
0,0.7935600746033398,0.5480219186541271,
1,0.33546138249718715,0.81715621133184,
2,0.2770328866620133,0.40966214660386213,
3,0.23509505872368563,0.9935451242344364,
4,0.7922038042748327,0.055181622072072334,
5,0.8407468337961109,0.5458742888995306,
6,0.12446481522620212,0.3756517100747274,
7,0.07033398662120227,0.9343657570137607,
8,0.5794977420943699,0.7366896633339521,
9,0.34232881490384404,0.10531880358882406,
