Time (s),Measurement #1 (ft),Measurement #2 (rad),
0,0.7680226893946634,0.5581611914365372,
1,0.4673147003479836,0.6326590728166788,
2,0.8169079086822029,0.8480517830923441,
3,0.081109949891041,0.18712457417842213,
4,0.3431418446559188,0.9574551656644117,
5,0.4572087877696421,0.1468250402933103,
6,0.8254231842353117,0.7353974910152133,
7,0.8385790995501816,0.17014283461968546,
8,0.8094625802754716,0.10093539631969081,
9,0.32550069472077336,0.6710366702969357,
