 Angular Velocity (rmp), Time (s),
1.249175184595872E-38,0,
1.263029962642498E-38,1,
1.2757800971096967E-38,2,
1.2912413237158245E-38,3,
3.4753211366478354E-05,4,
3.479482984403148E-05,5,
3.484440821921453E-05,6,
3.48857902281452E-05,7,
3.4934877476189286E-05,8,
3.49753609043546E-05,9,
3.502313120407052E-05,10,
3.507186193019152E-05,11,
3.5113258491037413E-05,12,
