 Time (s), Angle (deg),
1,-0.31650160963181406,
2,-0.31650160963181406,
3,-0.1650197342969477,
