Time (s),Spin Angle (rad),Angular Velocity (rad/s),
0,9999.726243,0.81732536,
1,0.906027066,0.442177873,
2,0.632659073,0.469511878,
3,0.677181149,0.314591793,
4,0.699941984,0.526284143,
5,0.187124574,0.453327185,
6,0.030394293,0.381004507,
7,0.118957729,0.273451483,
8,0.14682504,0.22131474,
9,0.194913437,0.878191487,
10,0.9,
